id,name,type_label,type_num,lat,lng
2255748,Trinkbrunnen,drinking_fountain,4,48.212913790547624,16.32592771593872
2255749,Trinkbrunnen,drinking_fountain,4,48.23993838096623,16.47379576776317
2255750,Trinkbrunnen,drinking_fountain,4,48.239967824396345,16.473719310932733
2255751,Trinkbrunnen,drinking_fountain,4,48.23990717622222,16.473720828450936
2255752,Trinkbrunnen,drinking_fountain,4,48.24066488215793,16.474217693776392
2255753,Trinkbrunnen,drinking_fountain,4,48.19894233318957,16.338592684271447
2255754,Trinkbrunnen mit Tränke,drinking_fountain_with_trough,5,48.196447865800245,16.28585793847822
2255755,Trinkbrunnen,drinking_fountain,4,48.209311284818995,16.358705862652414
2255756,Trinkbrunnen mit Tränke,drinking_fountain_with_trough,5,48.132140747328926,16.255753285098585
2255758,Trinkbrunnen mit Tränke,drinking_fountain_with_trough,5,48.19507448502919,16.28547756690336
2255759,Trinkbrunnen,drinking_fountain,4,48.216741851144754,16.37234347585566
2255763,Trinkbrunnen,drinking_fountain,4,48.21641760974688,16.32927090921508
2255764,Trinkbrunnen mit Tränke,drinking_fountain_with_trough,5,48.19554590250516,16.26112121711267
2255765,Trinkbrunnen mit Tränke,drinking_fountain_with_trough,5,48.180258281320505,16.289864628915332
2255766,Trinkbrunnen mit Tränke,drinking_fountain_with_trough,5,48.15922332472231,16.29105753422206
2255767,Trinkbrunnen,drinking_fountain,4,48.263383362795466,16.443212656177668
2255777,Trinkbrunnen mit Tränke,drinking_fountain_with_trough,5,48.139341000132966,16.277898862602772
2255792,Trinkbrunnen,drinking_fountain,4,48.16663818825516,16.418368702280425
2255793,Trinkbrunnen,drinking_fountain,4,48.15429516531487,16.289893092580076
2255818,Trinkbrunnen mit Tränke,drinking_fountain_with_trough,5,48.168947805267415,16.308030724038847
2255827,Trinkbrunnen,drinking_fountain,4,48.15943387201676,16.475835953977164
2255829,Trinkbrunnen mit Tränke,drinking_fountain_with_trough,5,48.17644061056489,16.33239167799652
2255838,Trinkbrunnen,drinking_fountain,4,48.225066515717295,16.3858220372078
2255415,Trinkbrunnen,drinking_fountain,4,48.20642668977691,16.31430838354078
2255416,Trinkbrunnen,drinking_fountain,4,48.206382817158435,16.315168224538603
2255417,Trinkbrunnen mit Tränke,drinking_fountain_with_trough,5,48.21593484764715,16.35968185131459
2255418,Trinkbrunnen,drinking_fountain,4,48.21273540695249,16.48884522797454
2255419,Trinkbrunnen,drinking_fountain,4,48.22425198842918,16.451621439334016
2255420,Trinkbrunnen,drinking_fountain,4,48.213298933961184,16.33560219333512
2255421,Trinkbrunnen,drinking_fountain,4,48.213634620700574,16.335161300590748
2255422,Trinkbrunnen,drinking_fountain,4,48.2135649043659,16.334961590322802
2255423,Trinkbrunnen,drinking_fountain,4,48.244692913289825,16.325824216659576
2255424,Trinkbrunnen,drinking_fountain,4,48.22136214224033,16.316931808887176
2255425,Trinkbrunnen mit Tränke,drinking_fountain_with_trough,5,48.20011878719967,16.3135108086204
2255427,Trinkbrunnen,drinking_fountain,4,48.16940079592525,16.352072508504016
2255429,Trinkbrunnen mit Tränke,drinking_fountain_with_trough,5,48.20456896985916,16.34651662537697
2255430,Trinkbrunnen,drinking_fountain,4,48.20143190934512,16.338537465978884
2255431,Trinkbrunnen,drinking_fountain,4,48.20762116908671,16.340669316611365
2255432,Trinkbrunnen,drinking_fountain,4,48.19890140633391,16.34734251692243
2255433,Trinkbrunnen,drinking_fountain,4,48.20884383436387,16.345355048208393
2255434,Trinkbrunnen mit Tränke,drinking_fountain_with_trough,5,48.22346711121396,16.358717652963648
2255436,Trinkbrunnen,drinking_fountain,4,48.22973063992996,16.352529886449794
2255437,Trinkbrunnen,drinking_fountain,4,48.29143989107667,16.415173852108506
2255438,Trinkbrunnen,drinking_fountain,4,48.15877303208388,16.319385449348754
2255439,Trinkbrunnen mit Tränke,drinking_fountain_with_trough,5,48.28014495541876,16.42166658675629
2255440,Trinkbrunnen,drinking_fountain,4,48.269258533421834,16.448784917733278
2255441,Trinkbrunnen,drinking_fountain,4,48.2704241085857,16.450035994470838
2255442,Trinkbrunnen,drinking_fountain,4,48.270198803796426,16.454875076039627
2255443,Trinkbrunnen mit Tränke,drinking_fountain_with_trough,5,48.27750644263392,16.41244481764952
2255444,Trinkbrunnen mit Tränke,drinking_fountain_with_trough,5,48.22926855982634,16.53478512951039
2255445,Trinkbrunnen,drinking_fountain,4,48.29537876395968,16.38915817423282
2255446,Trinkbrunnen mit Tränke,drinking_fountain_with_trough,5,48.24555474305313,16.318517762850966
2255447,Trinkbrunnen mit Tränke,drinking_fountain_with_trough,5,48.24999306565297,16.312912469484917
2255448,Trinkbrunnen mit Tränke,drinking_fountain_with_trough,5,48.24327090638858,16.3577219057739
2255449,Trinkbrunnen,drinking_fountain,4,48.24561825531456,16.34401911340372
2255450,Trinkbrunnen mit Tränke,drinking_fountain_with_trough,5,48.25340353960006,16.341396268406868
2255451,Trinkbrunnen,drinking_fountain,4,48.25068239325032,16.337211061842414
2255452,Trinkbrunnen mit Tränke,drinking_fountain_with_trough,5,48.24101519135827,16.320503611473427
2255453,Trinkbrunnen mit Tränke,drinking_fountain_with_trough,5,48.20490007913677,16.40585810282882
2255454,Trinkbrunnen,drinking_fountain,4,48.20616810771754,16.40586832950837
2255455,Trinkbrunnen mit Tränke,drinking_fountain_with_trough,5,48.25662264806547,16.3621081614738
2255456,Trinkbrunnen mit Tränke,drinking_fountain_with_trough,5,48.25835730621713,16.353336048311327
2255457,Trinkbrunnen,drinking_fountain,4,48.253918542007916,16.366715771245584
2255458,Trinkbrunnen,drinking_fountain,4,48.25523423000769,16.40755714609697
2255460,Trinkbrunnen,drinking_fountain,4,48.26154427339184,16.39935948031539
2255462,Trinkbrunnen mit Tränke,drinking_fountain_with_trough,5,48.22079843675031,16.342633757619602
2255463,Trinkbrunnen mit Tränke,drinking_fountain_with_trough,5,48.23463473453673,16.331391501200024
2255464,Trinkbrunnen,drinking_fountain,4,48.23423106861998,16.33370405341625
2255465,Trinkbrunnen mit Tränke,drinking_fountain_with_trough,5,48.2346850828464,16.336477867211883
2255466,Trinkbrunnen,drinking_fountain,4,48.23616860472689,16.334288934796575
2255467,Trinkbrunnen,drinking_fountain,4,48.25088153583523,16.402605871140835
2255468,Trinkbrunnen,drinking_fountain,4,48.213142785758606,16.40100893913449
2255470,Trinkbrunnen mit Tränke,drinking_fountain_with_trough,5,48.218751302053015,16.32211463462873
2255471,Trinkbrunnen mit Tränke,drinking_fountain_with_trough,5,48.25444146603408,16.42160616809049
2255472,Trinkbrunnen,drinking_fountain,4,48.210643377995076,16.33180496841788
2255473,Trinkbrunnen mit Tränke,drinking_fountain_with_trough,5,48.20792300376839,16.286062928235136
2255474,Trinkbrunnen,drinking_fountain,4,48.213577827634374,16.33283352275059
2255475,Trinkbrunnen mit Tränke,drinking_fountain_with_trough,5,48.20599014751166,16.33411909534766
2255476,Trinkbrunnen,drinking_fountain,4,48.20573220292849,16.33416864499399
2255477,Trinkbrunnen,drinking_fountain,4,48.20877468366787,16.333424192797544
2255478,Trinkbrunnen,drinking_fountain,4,48.19256944882477,16.44169317288326
2255479,Trinkbrunnen mit Tränke,drinking_fountain_with_trough,5,48.188888897458035,16.318380781939727
2255481,Trinkbrunnen,drinking_fountain,4,48.2141651602812,16.476697447688494
2255482,Trinkbrunnen mit Tränke,drinking_fountain_with_trough,5,48.21271516548821,16.309656268059758
2255483,Trinkbrunnen mit Tränke,drinking_fountain_with_trough,5,48.21276681507173,16.309348497681906
2255484,Trinkbrunnen mit Tränke,drinking_fountain_with_trough,5,48.20916947936955,16.313151185963704
2255485,Trinkbrunnen,drinking_fountain,4,48.2156216428269,16.312575353074504
2255486,Trinkbrunnen mit Tränke,drinking_fountain_with_trough,5,48.21583356578216,16.307549170998406
2255487,Trinkbrunnen mit Tränke,drinking_fountain_with_trough,5,48.23544292401876,16.372735379757646
2255488,Trinkbrunnen,drinking_fountain,4,48.18704278440116,16.325844295614925
2255489,Trinkbrunnen mit Tränke,drinking_fountain_with_trough,5,48.19642763749578,16.363290340623728
2255490,Trinkbrunnen mit Tränke,drinking_fountain_with_trough,5,48.20057695651733,16.345730370957934
2255491,Trinkbrunnen,drinking_fountain,4,48.14690387894224,16.398349187221637
2255492,Trinkbrunnen mit Tränke,drinking_fountain_with_trough,5,48.14799099860188,16.400894856560342
2255493,Trinkbrunnen mit Tränke,drinking_fountain_with_trough,5,48.150261822828135,16.399007677250395
2255494,Trinkbrunnen mit Tränke,drinking_fountain_with_trough,5,48.1508629100463,16.399008591591734
2255495,Trinkbrunnen mit Tränke,drinking_fountain_with_trough,5,48.150620944660965,16.401462049523477
2255496,Trinkbrunnen mit Tränke,drinking_fountain_with_trough,5,48.145583681707755,16.406878999744364
2255498,Trinkbrunnen mit Tränke,drinking_fountain_with_trough,5,48.18868276739848,16.32609461035144
2255499,Trinkbrunnen,drinking_fountain,4,48.19352535849126,16.337647645850307
2255500,Trinkbrunnen,drinking_fountain,4,48.22031707780411,16.313045374049388
2255501,Trinkbrunnen,drinking_fountain,4,48.21041040605515,16.319241672662304
2255502,Trinkbrunnen,drinking_fountain,4,48.20414973468967,16.31542619209762
2255503,Trinkbrunnen mit Tränke,drinking_fountain_with_trough,5,48.214520519964765,16.52611002917211
2255504,Trinkbrunnen,drinking_fountain,4,48.16783178542155,16.287514022508272
2255505,Trinkbrunnen mit Tränke,drinking_fountain_with_trough,5,48.15609708203148,16.44161981243166
2255506,Trinkbrunnen mit Tränke,drinking_fountain_with_trough,5,48.24160186129387,16.479982210288576
2255507,Trinkbrunnen,drinking_fountain,4,48.19835331593998,16.30597129408828
2255508,Trinkbrunnen mit Tränke,drinking_fountain_with_trough,5,48.19129027940202,16.31526090778298
2255509,Trinkbrunnen mit Tränke,drinking_fountain_with_trough,5,48.263058997158815,16.392180676705753
2255510,Trinkbrunnen,drinking_fountain,4,48.16336902648914,16.29197041107193
2255511,Trinkbrunnen mit Tränke,drinking_fountain_with_trough,5,48.27655287594906,16.40565413516475
2255513,Trinkbrunnen,drinking_fountain,4,48.23598359967388,16.390208048510363
2255514,Trinkbrunnen,drinking_fountain,4,48.213944812280104,16.343982224527327
2255515,Trinkbrunnen mit Tränke,drinking_fountain_with_trough,5,48.218941453503554,16.394068171644314
2255517,Trinkbrunnen,drinking_fountain,4,48.2197236184557,16.396193927125182
2255518,Trinkbrunnen mit Tränke,drinking_fountain_with_trough,5,48.157404924133225,16.424770790951904
2255520,Trinkbrunnen mit Tränke,drinking_fountain_with_trough,5,48.14247848173332,16.390508497197015
2255521,Trinkbrunnen mit Tränke,drinking_fountain_with_trough,5,48.21478818683108,16.414640005141408
2255522,Trinkbrunnen,drinking_fountain,4,48.24122493827155,16.309327459542782
2255523,Trinkbrunnen mit Tränke,drinking_fountain_with_trough,5,48.257167556224765,16.388464880630284
2255524,Trinkbrunnen mit Tränke,drinking_fountain_with_trough,5,48.20067483848918,16.337890145030475
2255525,Trinkbrunnen mit Tränke,drinking_fountain_with_trough,5,48.22338752677648,16.3672706060957
2255526,Trinkbrunnen mit Tränke,drinking_fountain_with_trough,5,48.22365892387996,16.367533527464563
2255527,Trinkbrunnen,drinking_fountain,4,48.207468022896045,16.351222305650726
2255528,Trinkbrunnen,drinking_fountain,4,48.20752581607172,16.34295619442216
2255529,Trinkbrunnen mit Tränke,drinking_fountain_with_trough,5,48.18875437953504,16.31691788670236
2255531,Trinkbrunnen mit Tränke,drinking_fountain_with_trough,5,48.18885583998572,16.318876386541252
2255532,Trinkbrunnen mit Tränke,drinking_fountain_with_trough,5,48.182373980380106,16.26838061887302
2255533,Trinkbrunnen mit Tränke,drinking_fountain_with_trough,5,48.25705447799034,16.339601331213107
2255534,Trinkbrunnen mit Tränke,drinking_fountain_with_trough,5,48.228298890344355,16.335829568375452
2255535,Trinkbrunnen,drinking_fountain,4,48.24968561879803,16.34778571525232
2255536,Trinkbrunnen,drinking_fountain,4,48.16599481216551,16.257544281189773
2255537,Trinkbrunnen,drinking_fountain,4,48.187725529964375,16.403326073264754
2255538,Trinkbrunnen,drinking_fountain,4,48.22373728973894,16.34602579730883
2255539,Trinkbrunnen,drinking_fountain,4,48.202449934140894,16.38891782156359
2255540,Trinkbrunnen mit Tränke,drinking_fountain_with_trough,5,48.21412584387312,16.30471764677021
2255541,Trinkbrunnen,drinking_fountain,4,48.26261679673407,16.387390998740536
2255542,Trinkbrunnen,drinking_fountain,4,48.212476904578786,16.47554081714647
2255543,Trinkbrunnen mit Tränke,drinking_fountain_with_trough,5,48.22602247040148,16.49121762591877
2255544,Trinkbrunnen mit Tränke,drinking_fountain_with_trough,5,48.217371160974814,16.48214315375144
2255545,Trinkbrunnen mit Tränke,drinking_fountain_with_trough,5,48.27778965023154,16.490855180155414
2255546,Trinkbrunnen mit Tränke,drinking_fountain_with_trough,5,48.21883806899425,16.476994862653143
2255547,Trinkbrunnen mit Tränke,drinking_fountain_with_trough,5,48.24602927500942,16.47239255349821
2255548,Trinkbrunnen mit Tränke,drinking_fountain_with_trough,5,48.21453868028378,16.49053273333314
2255549,Trinkbrunnen,drinking_fountain,4,48.22126923522003,16.484541781131398
2255550,Trinkbrunnen mit Tränke,drinking_fountain_with_trough,5,48.21312463675726,16.524486856788624
2255552,Trinkbrunnen mit Tränke,drinking_fountain_with_trough,5,48.21795284617047,16.5252660404385
2255553,Trinkbrunnen,drinking_fountain,4,48.21416463489423,16.47531825859545
2255555,Trinkbrunnen mit Tränke,drinking_fountain_with_trough,5,48.29740681508159,16.42038356770554
2255556,Trinkbrunnen,drinking_fountain,4,48.29471714869519,16.416684621127096
2255557,Trinkbrunnen,drinking_fountain,4,48.29463524781129,16.417223294463177
2255558,Trinkbrunnen,drinking_fountain,4,48.2590639046206,16.423602023336144
2255559,Trinkbrunnen mit Tränke,drinking_fountain_with_trough,5,48.21945354797626,16.394305226661558
2255560,Trinkbrunnen,drinking_fountain,4,48.253182903449655,16.442711057024685
2255563,Trinkbrunnen mit Tränke,drinking_fountain_with_trough,5,48.14562333548431,16.404142680925883
2255564,Trinkbrunnen mit Tränke,drinking_fountain_with_trough,5,48.14681852444355,16.401488012601817
2255565,Trinkbrunnen mit Tränke,drinking_fountain_with_trough,5,48.14849139679724,16.405443393021574
2255566,Trinkbrunnen mit Tränke,drinking_fountain_with_trough,5,48.14517975698742,16.402035509704103
2255567,Trinkbrunnen mit Tränke,drinking_fountain_with_trough,5,48.17652845948522,16.425668214805206
2255568,Trinkbrunnen mit Tränke,drinking_fountain_with_trough,5,48.23406939632352,16.324783189450145
2255571,Trinkbrunnen,drinking_fountain,4,48.19007929419479,16.393634919216115
2255572,Trinkbrunnen mit Tränke,drinking_fountain_with_trough,5,48.16929118554187,16.411057823477005
2255573,Trinkbrunnen,drinking_fountain,4,48.216820330544394,16.34890479159596
2255574,Trinkbrunnen,drinking_fountain,4,48.237572972342065,16.45317258815286
2255575,Trinkbrunnen,drinking_fountain,4,48.212865529240126,16.31953712656335
2255576,Trinkbrunnen,drinking_fountain,4,48.25917117201176,16.392262254139734
2255577,Trinkbrunnen mit Tränke,drinking_fountain_with_trough,5,48.223552249366676,16.390703885629755
2255578,Trinkbrunnen mit Tränke,drinking_fountain_with_trough,5,48.22061758714394,16.367964855497515
2255579,Trinkbrunnen,drinking_fountain,4,48.23789466137187,16.385758298998248
2255580,Trinkbrunnen mit Tränke,drinking_fountain_with_trough,5,48.19087716772656,16.37558441713233
2255581,Trinkbrunnen mit Tränke,drinking_fountain_with_trough,5,48.22351106814732,16.390742766376125
2255582,Trinkbrunnen,drinking_fountain,4,48.16651878422106,16.3259594434211
2255583,Trinkbrunnen mit Tränke,drinking_fountain_with_trough,5,48.269928270619296,16.43803204394051
2255584,Trinkbrunnen,drinking_fountain,4,48.25248570463187,16.398782678005272
2255585,Trinkbrunnen mit Tränke,drinking_fountain_with_trough,5,48.25139780346414,16.393058882853662
2255587,Trinkbrunnen mit Tränke,drinking_fountain_with_trough,5,48.16104244915323,16.443731624791873
2255589,Trinkbrunnen,drinking_fountain,4,48.231656215448716,16.347986369119127
2255590,Trinkbrunnen mit Tränke,drinking_fountain_with_trough,5,48.25828667073932,16.33765285222283
2255591,Trinkbrunnen mit Tränke,drinking_fountain_with_trough,5,48.27757886091648,16.382567271177603
2255592,Trinkbrunnen mit Tränke,drinking_fountain_with_trough,5,48.13600465648772,16.28050185415561
2255593,Trinkbrunnen mit Tränke,drinking_fountain_with_trough,5,48.13532788755682,16.282415416183003
2255594,Trinkbrunnen mit Tränke,drinking_fountain_with_trough,5,48.135538684548095,16.28185353840751
2255595,Trinkbrunnen mit Tränke,drinking_fountain_with_trough,5,48.20227931606446,16.249926187568967
2255596,Trinkbrunnen mit Tränke,drinking_fountain_with_trough,5,48.1527264300363,16.38689065030968
2255597,Trinkbrunnen,drinking_fountain,4,48.23774170479587,16.415701012735514
2255598,Trinkbrunnen,drinking_fountain,4,48.16837269935852,16.296984813162666
2255600,Trinkbrunnen mit Tränke,drinking_fountain_with_trough,5,48.2353286555324,16.37080988521234
2255601,Trinkbrunnen,drinking_fountain,4,48.21191914100956,16.359454950674962
2255603,Trinkbrunnen mit Tränke,drinking_fountain_with_trough,5,48.22254132281653,16.390831492905313
2255604,Trinkbrunnen mit Tränke,drinking_fountain_with_trough,5,48.225947059509686,16.396322683407966
2255605,Trinkbrunnen mit Tränke,drinking_fountain_with_trough,5,48.16950116973774,16.382357001496768
2255606,Trinkbrunnen mit Tränke,drinking_fountain_with_trough,5,48.17389017084907,16.41940044356396
2255609,Trinkbrunnen mit Tränke,drinking_fountain_with_trough,5,48.169606600934706,16.429058862784306
2255610,Trinkbrunnen mit Tränke,drinking_fountain_with_trough,5,48.27434946972814,16.405785657606106
2255611,Trinkbrunnen,drinking_fountain,4,48.26081333180474,16.392144149674525
2255612,Trinkbrunnen,drinking_fountain,4,48.19179043114411,16.3920638923002
2255613,Trinkbrunnen mit Tränke,drinking_fountain_with_trough,5,48.24592725489017,16.33065375077791
2255614,Trinkbrunnen,drinking_fountain,4,48.251833803227214,16.457488020959378
2255615,Trinkbrunnen,drinking_fountain,4,48.21602606536963,16.35332447083347
2255617,Trinkbrunnen,drinking_fountain,4,48.24829664151348,16.491974491195673
2255618,Trinkbrunnen,drinking_fountain,4,48.28819093188592,16.431823931934712
2255622,Trinkbrunnen,drinking_fountain,4,48.218192619150095,16.249804444118794
2255623,Trinkbrunnen,drinking_fountain,4,48.18447604984087,16.334688542328692
2255624,Trinkbrunnen,drinking_fountain,4,48.24770019071231,16.30709929799855
2255625,Trinkbrunnen mit Tränke,drinking_fountain_with_trough,5,48.22434415534117,16.503589461476494
2255626,Trinkbrunnen mit Tränke,drinking_fountain_with_trough,5,48.24302442551112,16.30179541950816
2255627,Trinkbrunnen,drinking_fountain,4,48.14349948399453,16.294671890121297
2255628,Trinkbrunnen mit Tränke,drinking_fountain_with_trough,5,48.197311681456945,16.402051101092976
2255629,Trinkbrunnen mit Tränke,drinking_fountain_with_trough,5,48.19380857905856,16.27411216085111
2255630,Trinkbrunnen,drinking_fountain,4,48.276035633212196,16.422328013375836
2255631,Trinkbrunnen,drinking_fountain,4,48.277636444075554,16.423744304776008
2255632,Trinkbrunnen,drinking_fountain,4,48.25735798852453,16.455941227423292
2255633,Trinkbrunnen mit Tränke,drinking_fountain_with_trough,5,48.182391437337124,16.418074422670085
2255634,Trinkbrunnen mit Tränke,drinking_fountain_with_trough,5,48.18319278500695,16.417603041491883
2255635,Trinkbrunnen mit Tränke,drinking_fountain_with_trough,5,48.28950013831005,16.39171133846635
2255638,Trinkbrunnen,drinking_fountain,4,48.25273940372759,16.47730437530327
2255639,Trinkbrunnen mit Tränke,drinking_fountain_with_trough,5,48.178357953490575,16.38117030933514
2255640,Trinkbrunnen mit Tränke,drinking_fountain_with_trough,5,48.1791307478798,16.383110998970217
2255642,Trinkbrunnen mit Tränke,drinking_fountain_with_trough,5,48.18002349876922,16.383744298480504
2255643,Trinkbrunnen,drinking_fountain,4,48.18187170366626,16.38195090537468
2255646,Trinkbrunnen mit Tränke,drinking_fountain_with_trough,5,48.153086600517874,16.291661006382103
2255647,Trinkbrunnen mit Tränke,drinking_fountain_with_trough,5,48.2100888608842,16.248046113825723
2255648,Trinkbrunnen,drinking_fountain,4,48.23793290401133,16.449655971653026
2255649,Trinkbrunnen mit Tränke,drinking_fountain_with_trough,5,48.1769516033018,16.38864009118952
2255650,Trinkbrunnen mit Tränke,drinking_fountain_with_trough,5,48.178188126677156,16.386326297691774
2255651,Trinkbrunnen mit Tränke,drinking_fountain_with_trough,5,48.178340788854136,16.386089638273333
2255652,Trinkbrunnen,drinking_fountain,4,48.194160103045945,16.3524101697959
2255653,Trinkbrunnen mit Tränke,drinking_fountain_with_trough,5,48.269708205016435,16.445098447902875
2255654,Trinkbrunnen,drinking_fountain,4,48.286032213143,16.443760647114043
2255657,Trinkbrunnen,drinking_fountain,4,48.23708423096666,16.319292470062354
2255658,Trinkbrunnen mit Tränke,drinking_fountain_with_trough,5,48.14611249732328,16.385782349643687
2255659,Trinkbrunnen,drinking_fountain,4,48.14500144219134,16.393489157362676
2255660,Trinkbrunnen,drinking_fountain,4,48.20418271254115,16.3797072148512
2255661,Trinkbrunnen,drinking_fountain,4,48.20382728393356,16.381743163000163
2255662,Trinkbrunnen,drinking_fountain,4,48.16926393044415,16.30635746309482
2255663,Trinkbrunnen,drinking_fountain,4,48.24675564364698,16.40734935349489
2255664,Trinkbrunnen mit Tränke,drinking_fountain_with_trough,5,48.29153430036015,16.386432007836326
2255665,Trinkbrunnen mit Tränke,drinking_fountain_with_trough,5,48.2108645056288,16.359627997224734
2255666,Trinkbrunnen mit Tränke,drinking_fountain_with_trough,5,48.21022183356583,16.359410088008346
2255667,Trinkbrunnen mit Tränke,drinking_fountain_with_trough,5,48.23058592409779,16.294901081179006
2255669,Trinkbrunnen mit Tränke,drinking_fountain_with_trough,5,48.20375858509125,16.35429988964812
2255670,Trinkbrunnen,drinking_fountain,4,48.2145218384162,16.36012903011228
2255671,Trinkbrunnen mit Tränke,drinking_fountain_with_trough,5,48.24567490158767,16.348237177498433
2255672,Trinkbrunnen,drinking_fountain,4,48.18832049102097,16.343374979157492
2255673,Trinkbrunnen,drinking_fountain,4,48.226898214008486,16.312118604762755
2255674,Trinkbrunnen mit Tränke,drinking_fountain_with_trough,5,48.1373433341066,16.288942480505504
2255676,Trinkbrunnen mit Tränke,drinking_fountain_with_trough,5,48.152138458264865,16.286706402219547
2255656,Trinkbrunnen mit Tränke,drinking_fountain_with_trough,5,48.19064589200956,16.331715703000107
2255730,Trinkbrunnen,drinking_fountain,4,48.1987790797141,16.294056458056218
2255734,Trinkbrunnen mit Tränke,drinking_fountain_with_trough,5,48.19857179966282,16.376441544292845
2255735,Trinkbrunnen,drinking_fountain,4,48.20745694439148,16.3411749756936
2255740,Trinkbrunnen,drinking_fountain,4,48.26989789956412,16.383550566670532
2255742,Trinkbrunnen,drinking_fountain,4,48.20552238163262,16.21520660402462
2255743,Trinkbrunnen,drinking_fountain,4,48.1959875538142,16.403829363161442
2255744,Trinkbrunnen,drinking_fountain,4,48.182454165493496,16.401438398194017
2255745,Trinkbrunnen mit Tränke,drinking_fountain_with_trough,5,48.18887630770817,16.33968709056208
2255746,Trinkbrunnen mit Tränke,drinking_fountain_with_trough,5,48.159793420760806,16.468563509882475
2255747,Trinkbrunnen,drinking_fountain,4,48.214404392817784,16.317966974470835
2255374,Trinkbrunnen mit Tränke,drinking_fountain_with_trough,5,48.153284807370596,16.35643254464113
2255376,Trinkbrunnen mit Tränke,drinking_fountain_with_trough,5,48.1400823847281,16.392283483394507
2255378,Trinkbrunnen,drinking_fountain,4,48.194114154268384,16.356519007368842
2255379,Trinkbrunnen mit Tränke,drinking_fountain_with_trough,5,48.193857900523206,16.35632195951578
2255380,Trinkbrunnen mit Tränke,drinking_fountain_with_trough,5,48.15440787895996,16.380966137996563
2255381,Trinkbrunnen mit Tränke,drinking_fountain_with_trough,5,48.15438873653784,16.394213604016425
2255382,Trinkbrunnen,drinking_fountain,4,48.179284206657194,16.415304411505474
2255383,Trinkbrunnen,drinking_fountain,4,48.15586425338886,16.38455607667388
2255384,Trinkbrunnen mit Tränke,drinking_fountain_with_trough,5,48.17950681990702,16.420783001158977
2255385,Trinkbrunnen mit Tränke,drinking_fountain_with_trough,5,48.15783750658197,16.38784566080904
2255386,Trinkbrunnen mit Tränke,drinking_fountain_with_trough,5,48.234866333352194,16.364814163732596
2255387,Trinkbrunnen,drinking_fountain,4,48.19634629210856,16.276067080818738
2255388,Trinkbrunnen mit Tränke,drinking_fountain_with_trough,5,48.19686391940054,16.275344731890087
2255389,Trinkbrunnen,drinking_fountain,4,48.197311422213886,16.274204297714462
2255390,Trinkbrunnen mit Tränke,drinking_fountain_with_trough,5,48.23890255291192,16.3842569360011
2255391,Trinkbrunnen mit Tränke,drinking_fountain_with_trough,5,48.15176579016487,16.46624536440992
2255393,Trinkbrunnen,drinking_fountain,4,48.16519680063791,16.429068433589364
2255394,Trinkbrunnen,drinking_fountain,4,48.16725617701271,16.425800674945737
2255395,Trinkbrunnen,drinking_fountain,4,48.234227326296484,16.373530925095867
2255397,Trinkbrunnen mit Tränke,drinking_fountain_with_trough,5,48.24001215071181,16.37864489348565
2255398,Trinkbrunnen,drinking_fountain,4,48.226460585193365,16.369335496854877
2255400,Trinkbrunnen mit Tränke,drinking_fountain_with_trough,5,48.23558031100649,16.367647190253237
2255401,Trinkbrunnen,drinking_fountain,4,48.148655284715026,16.31726866011453
2255402,Trinkbrunnen,drinking_fountain,4,48.23190801783987,16.376594316262036
2255404,Trinkbrunnen mit Tränke,drinking_fountain_with_trough,5,48.13218433894813,16.420126409207164
2255406,Trinkbrunnen,drinking_fountain,4,48.230713753965894,16.363308918399746
2255407,Trinkbrunnen mit Tränke,drinking_fountain_with_trough,5,48.13091019791461,16.313854501335108
2255408,Trinkbrunnen,drinking_fountain,4,48.1512763885991,16.269882082284045
2255409,Trinkbrunnen mit Tränke,drinking_fountain_with_trough,5,48.14815546929489,16.292020574944466
2255410,Trinkbrunnen mit Tränke,drinking_fountain_with_trough,5,48.21275660840939,16.3210690918303
2255411,Trinkbrunnen mit Tränke,drinking_fountain_with_trough,5,48.23372064472098,16.291530612295798
2255412,Trinkbrunnen,drinking_fountain,4,48.20773418815908,16.244771815396387
2255413,Trinkbrunnen mit Tränke,drinking_fountain_with_trough,5,48.21778381932536,16.36442484096564
2255414,Trinkbrunnen,drinking_fountain,4,48.20670708927633,16.314689729626178
2254994,Trinkbrunnen mit Tränke,drinking_fountain_with_trough,5,48.16787964810339,16.384003970467827
2254995,Trinkbrunnen mit Tränke,drinking_fountain_with_trough,5,48.17481578514357,16.354156302943906
2254996,Trinkbrunnen mit Tränke,drinking_fountain_with_trough,5,48.17454833931944,16.368661197577104
2254997,Trinkbrunnen mit Tränke,drinking_fountain_with_trough,5,48.17468421323334,16.368639114306937
2254998,Trinkbrunnen mit Tränke,drinking_fountain_with_trough,5,48.17563612084331,16.354732009645552
2254999,Trinkbrunnen mit Tränke,drinking_fountain_with_trough,5,48.164846805314205,16.402999047553138
2255000,Trinkbrunnen mit Tränke,drinking_fountain_with_trough,5,48.20402343612288,16.33236266918577
2255001,Trinkbrunnen,drinking_fountain,4,48.203502313294045,16.33201034107824
2255002,Trinkbrunnen mit Tränke,drinking_fountain_with_trough,5,48.22705414653714,16.358008659653336
2255003,Trinkbrunnen mit Tränke,drinking_fountain_with_trough,5,48.197880267793465,16.351848769887965
2255004,Trinkbrunnen mit Tränke,drinking_fountain_with_trough,5,48.19791052640881,16.35324110425043
2255005,Trinkbrunnen mit Tränke,drinking_fountain_with_trough,5,48.19797061426474,16.352376258376914
2255006,Trinkbrunnen mit Tränke,drinking_fountain_with_trough,5,48.20989538217001,16.32719878313198
2255008,Trinkbrunnen mit Tränke,drinking_fountain_with_trough,5,48.175354971125785,16.368119439760008
2255009,Trinkbrunnen mit Tränke,drinking_fountain_with_trough,5,48.23831268973163,16.384738214323338
2255010,Trinkbrunnen mit Tränke,drinking_fountain_with_trough,5,48.24489349725783,16.338742309209707
2255011,Trinkbrunnen mit Tränke,drinking_fountain_with_trough,5,48.24486489331787,16.337726093894542
2255012,Trinkbrunnen mit Tränke,drinking_fountain_with_trough,5,48.25383655509732,16.357144218775264
2255013,Trinkbrunnen mit Tränke,drinking_fountain_with_trough,5,48.252607040429524,16.35814439558914
2255014,Trinkbrunnen mit Tränke,drinking_fountain_with_trough,5,48.25201073604249,16.357530074631118
2255015,Trinkbrunnen mit Tränke,drinking_fountain_with_trough,5,48.25229837425181,16.361867560841596
2255016,Trinkbrunnen mit Tränke,drinking_fountain_with_trough,5,48.167942504014874,16.416750171989765
2255017,Trinkbrunnen mit Tränke,drinking_fountain_with_trough,5,48.16750750115857,16.416320005549057
2255018,Trinkbrunnen mit Tränke,drinking_fountain_with_trough,5,48.169013053381455,16.418619049191825
2255019,Trinkbrunnen mit Tränke,drinking_fountain_with_trough,5,48.15697479020516,16.424827441944377
2255020,Trinkbrunnen,drinking_fountain,4,48.173585273210655,16.411018366168573
2255022,Trinkbrunnen mit Tränke,drinking_fountain_with_trough,5,48.16806580207866,16.430528456422067
2255023,Trinkbrunnen mit Tränke,drinking_fountain_with_trough,5,48.1539554490894,16.460208198359332
2255024,Trinkbrunnen mit Tränke,drinking_fountain_with_trough,5,48.15331840398914,16.461610483389798
2255025,Trinkbrunnen mit Tränke,drinking_fountain_with_trough,5,48.26859452449369,16.38298176359356
2255026,Trinkbrunnen mit Tränke,drinking_fountain_with_trough,5,48.273140463441656,16.39401231949893
2255027,Trinkbrunnen mit Tränke,drinking_fountain_with_trough,5,48.17221045300593,16.359244775462077
2255028,Trinkbrunnen mit Tränke,drinking_fountain_with_trough,5,48.27215999610726,16.44792461505604
2255029,Trinkbrunnen,drinking_fountain,4,48.27184056704861,16.44906922346426
2255030,Trinkbrunnen mit Tränke,drinking_fountain_with_trough,5,48.15472383788651,16.469792697633
2255031,Trinkbrunnen mit Tränke,drinking_fountain_with_trough,5,48.15457394296936,16.46937197555784
2255032,Trinkbrunnen,drinking_fountain,4,48.248847317798464,16.37805387047742
2255034,Trinkbrunnen,drinking_fountain,4,48.17083983350822,16.368309456400016
2255036,Trinkbrunnen mit Tränke,drinking_fountain_with_trough,5,48.258231947021265,16.44309983911156
2255037,Trinkbrunnen,drinking_fountain,4,48.258588701933654,16.4437556002168
2255039,Trinkbrunnen mit Tränke,drinking_fountain_with_trough,5,48.181378422828075,16.366269389501408
2255040,Trinkbrunnen mit Tränke,drinking_fountain_with_trough,5,48.180310032032885,16.36537857771595
2255041,Trinkbrunnen mit Tränke,drinking_fountain_with_trough,5,48.22025539181926,16.480640549209898
2255042,Trinkbrunnen mit Tränke,drinking_fountain_with_trough,5,48.20736874280104,16.337986700975506
2255043,Trinkbrunnen mit Tränke,drinking_fountain_with_trough,5,48.234249538803084,16.329953685409883
2255044,Trinkbrunnen mit Tränke,drinking_fountain_with_trough,5,48.23458493956384,16.33758974720845
2255046,Trinkbrunnen mit Tränke,drinking_fountain_with_trough,5,48.18787274467235,16.310974664137994
2255047,Trinkbrunnen,drinking_fountain,4,48.202031299621304,16.25163145558777
2255048,Trinkbrunnen,drinking_fountain,4,48.189768749513135,16.354478684747143
2255049,Trinkbrunnen,drinking_fountain,4,48.2516042312674,16.39967861723401
2255050,Trinkbrunnen,drinking_fountain,4,48.256364906262256,16.389915286146277
2255051,Trinkbrunnen mit Tränke,drinking_fountain_with_trough,5,48.25266992077245,16.39502827758904
2255053,Trinkbrunnen mit Tränke,drinking_fountain_with_trough,5,48.2526870085004,16.415142289942626
2255054,Trinkbrunnen mit Tränke,drinking_fountain_with_trough,5,48.26442425879659,16.39836915069659
2255056,Trinkbrunnen,drinking_fountain,4,48.26988899871727,16.38388175116064
2255058,Trinkbrunnen mit Tränke,drinking_fountain_with_trough,5,48.254959334437736,16.39980364651738
2255059,Trinkbrunnen mit Tränke,drinking_fountain_with_trough,5,48.27294024456709,16.393698166095596
2255060,Trinkbrunnen mit Tränke,drinking_fountain_with_trough,5,48.18124269081892,16.3480754333574
2255061,Trinkbrunnen,drinking_fountain,4,48.181700896069295,16.347002341950162
2255062,Trinkbrunnen mit Tränke,drinking_fountain_with_trough,5,48.18186947250224,16.34583124046295
2255063,Trinkbrunnen mit Tränke,drinking_fountain_with_trough,5,48.181508600888336,16.333089126943378
2255064,Trinkbrunnen,drinking_fountain,4,48.164929373108954,16.306118822681505
2255065,Trinkbrunnen mit Tränke,drinking_fountain_with_trough,5,48.18667111895601,16.337076024490564
2255067,Trinkbrunnen mit Tränke,drinking_fountain_with_trough,5,48.17585123996792,16.331236780673734
2255068,Trinkbrunnen mit Tränke,drinking_fountain_with_trough,5,48.18128648813375,16.339171359978433
2255069,Trinkbrunnen mit Tränke,drinking_fountain_with_trough,5,48.18148698967518,16.33957343289797
2255070,Trinkbrunnen,drinking_fountain,4,48.173043541616906,16.328629794991173
2255071,Trinkbrunnen mit Tränke,drinking_fountain_with_trough,5,48.182309915909215,16.327378597217955
2255072,Trinkbrunnen mit Tränke,drinking_fountain_with_trough,5,48.182248423728616,16.32780410319783
2255074,Trinkbrunnen mit Tränke,drinking_fountain_with_trough,5,48.17890365021131,16.334668597276615
2255075,Trinkbrunnen mit Tränke,drinking_fountain_with_trough,5,48.159244513147975,16.326865690337762
2255076,Trinkbrunnen,drinking_fountain,4,48.16075584403674,16.32405999641469
2255077,Trinkbrunnen,drinking_fountain,4,48.16030306534008,16.323577134982298
2255078,Trinkbrunnen,drinking_fountain,4,48.18057549075779,16.328355281970197
2255079,Trinkbrunnen mit Tränke,drinking_fountain_with_trough,5,48.170920443714266,16.320757118998937
2255080,Trinkbrunnen mit Tränke,drinking_fountain_with_trough,5,48.182367223164015,16.347328291708273
2255081,Trinkbrunnen,drinking_fountain,4,48.17821716032037,16.339412415773833
2255082,Trinkbrunnen,drinking_fountain,4,48.178719565662625,16.338660930836614
2255083,Trinkbrunnen,drinking_fountain,4,48.16573318647317,16.280991244887133
2255085,Trinkbrunnen,drinking_fountain,4,48.164507951256745,16.272753297052542
2255086,Trinkbrunnen mit Tränke,drinking_fountain_with_trough,5,48.193642640102595,16.26009585215474
2255087,Trinkbrunnen mit Tränke,drinking_fountain_with_trough,5,48.19242253395793,16.261307805495026
2255088,Trinkbrunnen mit Tränke,drinking_fountain_with_trough,5,48.18553550073928,16.28715414961004
2255089,Trinkbrunnen,drinking_fountain,4,48.1684277453008,16.2821405742578
2255090,Trinkbrunnen mit Tränke,drinking_fountain_with_trough,5,48.18121531810132,16.27436551821855
2255092,Trinkbrunnen,drinking_fountain,4,48.19035027970783,16.27167366189019
2255093,Trinkbrunnen,drinking_fountain,4,48.173741792866274,16.275925098365548
2255095,Trinkbrunnen mit Tränke,drinking_fountain_with_trough,5,48.13983365212994,16.314956410222422
2255096,Trinkbrunnen mit Tränke,drinking_fountain_with_trough,5,48.140244045104076,16.31520447446969
2255097,Trinkbrunnen,drinking_fountain,4,48.13942937598012,16.280062311676005
2255098,Trinkbrunnen mit Tränke,drinking_fountain_with_trough,5,48.151721392606774,16.34479904509853
2255099,Trinkbrunnen mit Tränke,drinking_fountain_with_trough,5,48.15060447265976,16.340979512319077
2255100,Trinkbrunnen mit Tränke,drinking_fountain_with_trough,5,48.145262625031094,16.282226068428958
2255101,Trinkbrunnen mit Tränke,drinking_fountain_with_trough,5,48.15233465037388,16.305448000238993
2255102,Trinkbrunnen,drinking_fountain,4,48.14773240197431,16.353019859712056
2255103,Trinkbrunnen mit Tränke,drinking_fountain_with_trough,5,48.137556879296056,16.27476070373989
2255104,Trinkbrunnen mit Tränke,drinking_fountain_with_trough,5,48.14886898975557,16.313300330812492
2255105,Trinkbrunnen mit Tränke,drinking_fountain_with_trough,5,48.14804683425396,16.313127817322687
2255106,Trinkbrunnen mit Tränke,drinking_fountain_with_trough,5,48.150063594488245,16.333040348254134
2255107,Trinkbrunnen mit Tränke,drinking_fountain_with_trough,5,48.14942294093393,16.30378114992207
2255108,Trinkbrunnen mit Tränke,drinking_fountain_with_trough,5,48.14925529815474,16.267238552391618
2255109,Trinkbrunnen mit Tränke,drinking_fountain_with_trough,5,48.14049669197915,16.288274365837186
2255110,Trinkbrunnen,drinking_fountain,4,48.13044644339198,16.31255938750019
2255111,Trinkbrunnen,drinking_fountain,4,48.19608397313802,16.31115375925185
2255112,Trinkbrunnen mit Tränke,drinking_fountain_with_trough,5,48.2305994573209,16.43517752170645
2255113,Trinkbrunnen,drinking_fountain,4,48.23174469216381,16.439047706135227
2255114,Trinkbrunnen mit Tränke,drinking_fountain_with_trough,5,48.231817529474206,16.418020139086902
2255115,Trinkbrunnen mit Tränke,drinking_fountain_with_trough,5,48.231727872159304,16.418915240534528
2255116,Trinkbrunnen,drinking_fountain,4,48.23116300956098,16.417218842490445
2255117,Trinkbrunnen mit Tränke,drinking_fountain_with_trough,5,48.2317512904289,16.449859347208385
2255118,Trinkbrunnen mit Tränke,drinking_fountain_with_trough,5,48.2368024821947,16.44944477305804
2255119,Trinkbrunnen mit Tränke,drinking_fountain_with_trough,5,48.23876060772986,16.44406897505705
2255120,Trinkbrunnen mit Tränke,drinking_fountain_with_trough,5,48.24081934742182,16.441210377320953
2255122,Trinkbrunnen,drinking_fountain,4,48.24900406356303,16.399828869954916
2255123,Trinkbrunnen mit Tränke,drinking_fountain_with_trough,5,48.240779758382956,16.405319982455197
2255124,Trinkbrunnen,drinking_fountain,4,48.2384089030257,16.40526322415786
2255125,Trinkbrunnen,drinking_fountain,4,48.2368374153946,16.410491554996344
2255127,Trinkbrunnen mit Tränke,drinking_fountain_with_trough,5,48.23900701470605,16.419256270391568
2255128,Trinkbrunnen,drinking_fountain,4,48.2413714076809,16.416050480849268
2255130,Trinkbrunnen mit Tränke,drinking_fountain_with_trough,5,48.22168417831511,16.369180997451437
2255131,Trinkbrunnen,drinking_fountain,4,48.22471978607921,16.387848497289927
2255132,Trinkbrunnen mit Tränke,drinking_fountain_with_trough,5,48.21807683296351,16.37256612714487
2255134,Trinkbrunnen mit Tränke,drinking_fountain_with_trough,5,48.22028329698566,16.400363119693438
2255135,Trinkbrunnen,drinking_fountain,4,48.215122445047705,16.382317105295062
2255136,Trinkbrunnen,drinking_fountain,4,48.21680923923593,16.405180862297733
2255137,Trinkbrunnen mit Tränke,drinking_fountain_with_trough,5,48.2171870216517,16.386071965360113
2255138,Trinkbrunnen,drinking_fountain,4,48.21323999892974,16.384912308625964
2255139,Trinkbrunnen mit Tränke,drinking_fountain_with_trough,5,48.22428486732403,16.404530853223232
2255140,Trinkbrunnen,drinking_fountain,4,48.19918645716488,16.417218839438462
2255141,Trinkbrunnen,drinking_fountain,4,48.22643425432856,16.40316530000923
2255142,Trinkbrunnen,drinking_fountain,4,48.225689312111,16.402397572312612
2255144,Trinkbrunnen,drinking_fountain,4,48.17740633905843,16.41766857473025
2255146,Trinkbrunnen,drinking_fountain,4,48.21640205260171,16.394559215652965
2255147,Trinkbrunnen mit Tränke,drinking_fountain_with_trough,5,48.20481324538464,16.40836302230426
2255148,Trinkbrunnen,drinking_fountain,4,48.20391666419311,16.40655784585513
2255149,Trinkbrunnen mit Tränke,drinking_fountain_with_trough,5,48.214269082095484,16.378177981684416
2255150,Trinkbrunnen mit Tränke,drinking_fountain_with_trough,5,48.19879197453197,16.283807964272814
2255151,Trinkbrunnen,drinking_fountain,4,48.19883280480688,16.282759543741218
2255152,Trinkbrunnen,drinking_fountain,4,48.25373401014099,16.477367522077778
2255153,Trinkbrunnen,drinking_fountain,4,48.27506917080123,16.413112001068047
2255154,Trinkbrunnen,drinking_fountain,4,48.21459509054598,16.36772595639397
2255155,Trinkbrunnen mit Tränke,drinking_fountain_with_trough,5,48.214408708733096,16.371538423030522
2255156,Trinkbrunnen mit Tränke,drinking_fountain_with_trough,5,48.20741775509155,16.356178767377976
2255157,Trinkbrunnen,drinking_fountain,4,48.280888538697496,16.483676304042095
2255158,Trinkbrunnen,drinking_fountain,4,48.23840787649929,16.43916473818667
2255159,Trinkbrunnen,drinking_fountain,4,48.217266506583755,16.330686371527204
2255160,Trinkbrunnen mit Tränke,drinking_fountain_with_trough,5,48.26879220069927,16.383317977896617
2255161,Trinkbrunnen mit Tränke,drinking_fountain_with_trough,5,48.21466693272979,16.32591965456213
2255162,Trinkbrunnen,drinking_fountain,4,48.22504991206511,16.314413996109938
2255163,Trinkbrunnen mit Tränke,drinking_fountain_with_trough,5,48.22321000213661,16.33036379553713
2255164,Trinkbrunnen mit Tränke,drinking_fountain_with_trough,5,48.232087848378235,16.315093194260754
2255165,Trinkbrunnen mit Tränke,drinking_fountain_with_trough,5,48.22903452324897,16.30454402763077
2255166,Trinkbrunnen mit Tränke,drinking_fountain_with_trough,5,48.21890797128991,16.334883619832713
2255167,Trinkbrunnen mit Tränke,drinking_fountain_with_trough,5,48.22457564104908,16.32399523258422
2255168,Trinkbrunnen,drinking_fountain,4,48.223489114975706,16.314580025605945
2255169,Trinkbrunnen mit Tränke,drinking_fountain_with_trough,5,48.20869001154913,16.518515273526138
2255170,Trinkbrunnen mit Tränke,drinking_fountain_with_trough,5,48.24711661924118,16.43210952567117
2255171,Trinkbrunnen mit Tränke,drinking_fountain_with_trough,5,48.24865125440453,16.448311152327314
2255172,Trinkbrunnen mit Tränke,drinking_fountain_with_trough,5,48.24522890461522,16.441529864364668
2255173,Trinkbrunnen,drinking_fountain,4,48.236794751974855,16.33408196072124
2255174,Trinkbrunnen mit Tränke,drinking_fountain_with_trough,5,48.18975476387031,16.326924144869714
2255175,Trinkbrunnen mit Tränke,drinking_fountain_with_trough,5,48.2255392563934,16.32478846678186
2255176,Trinkbrunnen mit Tränke,drinking_fountain_with_trough,5,48.252169351434816,16.433511362175814
2255177,Trinkbrunnen mit Tränke,drinking_fountain_with_trough,5,48.254471638538924,16.433626833181897
2255178,Trinkbrunnen mit Tränke,drinking_fountain_with_trough,5,48.20924468011754,16.308387134526615
2255179,Trinkbrunnen mit Tränke,drinking_fountain_with_trough,5,48.20107398950959,16.307285761887126
2255180,Trinkbrunnen mit Tränke,drinking_fountain_with_trough,5,48.20128487828056,16.30755301574281
2255181,Trinkbrunnen mit Tränke,drinking_fountain_with_trough,5,48.18020894225709,16.344648678943905
2255182,Trinkbrunnen mit Tränke,drinking_fountain_with_trough,5,48.208720148131185,16.304468499376238
2255183,Trinkbrunnen mit Tränke,drinking_fountain_with_trough,5,48.17197779869986,16.408800385381756
2255184,Trinkbrunnen mit Tränke,drinking_fountain_with_trough,5,48.2258167173138,16.338963508301173
2255185,Trinkbrunnen,drinking_fountain,4,48.22658180920681,16.339047210542144
2255186,Trinkbrunnen mit Tränke,drinking_fountain_with_trough,5,48.23241137965968,16.349805509661486
2255187,Trinkbrunnen,drinking_fountain,4,48.221946830344955,16.308213861222203
2255188,Trinkbrunnen mit Tränke,drinking_fountain_with_trough,5,48.222738949935255,16.310962470851283
2255189,Trinkbrunnen,drinking_fountain,4,48.20215396086998,16.33556178011776
2255190,Trinkbrunnen,drinking_fountain,4,48.201906554991226,16.335690893294505
2255191,Trinkbrunnen,drinking_fountain,4,48.16725003280362,16.300811000558905
2255192,Trinkbrunnen mit Tränke,drinking_fountain_with_trough,5,48.19875011065267,16.3613379923623
2255193,Trinkbrunnen,drinking_fountain,4,48.221148006762064,16.353700254361545
2255194,Trinkbrunnen,drinking_fountain,4,48.247521540413324,16.438364137389677
2255195,Trinkbrunnen,drinking_fountain,4,48.24715344016462,16.438438318376587
2255196,Trinkbrunnen mit Tränke,drinking_fountain_with_trough,5,48.171212451053776,16.41418595155236
2255197,Trinkbrunnen mit Tränke,drinking_fountain_with_trough,5,48.17048551160255,16.41488231089912
2255198,Trinkbrunnen mit Tränke,drinking_fountain_with_trough,5,48.2154013666781,16.372851318155455
2255199,Trinkbrunnen mit Tränke,drinking_fountain_with_trough,5,48.18988165700128,16.328973384512338
2255200,Trinkbrunnen mit Tränke,drinking_fountain_with_trough,5,48.189962157683944,16.32862583541908
2255201,Trinkbrunnen mit Tränke,drinking_fountain_with_trough,5,48.17652131233356,16.380068534509995
2255202,Trinkbrunnen mit Tränke,drinking_fountain_with_trough,5,48.19031148055942,16.32114308218479
2255203,Trinkbrunnen mit Tränke,drinking_fountain_with_trough,5,48.1966594471908,16.31928881095513
2255204,Trinkbrunnen mit Tränke,drinking_fountain_with_trough,5,48.19646116007708,16.319083425233355
2255205,Trinkbrunnen mit Tränke,drinking_fountain_with_trough,5,48.18145092801777,16.355737229726518
2255206,Trinkbrunnen mit Tränke,drinking_fountain_with_trough,5,48.185957538645525,16.349932621446985
2255207,Trinkbrunnen mit Tränke,drinking_fountain_with_trough,5,48.18713731794966,16.347444298674
2255208,Trinkbrunnen mit Tränke,drinking_fountain_with_trough,5,48.24044055082359,16.334480000275175
2255209,Trinkbrunnen mit Tränke,drinking_fountain_with_trough,5,48.19652474541795,16.267998305884227
2255210,Trinkbrunnen mit Tränke,drinking_fountain_with_trough,5,48.18028197358895,16.35049801154018
2255211,Trinkbrunnen mit Tränke,drinking_fountain_with_trough,5,48.15724512676331,16.462713441190793
2255213,Trinkbrunnen mit Tränke,drinking_fountain_with_trough,5,48.15541906947367,16.462872874278542
2255214,Trinkbrunnen mit Tränke,drinking_fountain_with_trough,5,48.14809421586514,16.309024743313554
2255215,Trinkbrunnen mit Tränke,drinking_fountain_with_trough,5,48.18294684209971,16.35095466294208
2255217,Trinkbrunnen mit Tränke,drinking_fountain_with_trough,5,48.24453524528495,16.3803115219134
2255218,Trinkbrunnen mit Tränke,drinking_fountain_with_trough,5,48.22657544591438,16.334943978639533
2255219,Trinkbrunnen mit Tränke,drinking_fountain_with_trough,5,48.19621794096673,16.302585928897603
2255220,Trinkbrunnen mit Tränke,drinking_fountain_with_trough,5,48.196157860255,16.303458599881935
2255221,Trinkbrunnen,drinking_fountain,4,48.16492311353121,16.32654635998633
2255222,Trinkbrunnen,drinking_fountain,4,48.16488031161819,16.327485439873296
2255223,Trinkbrunnen mit Tränke,drinking_fountain_with_trough,5,48.21223307967093,16.3424925139561
2255224,Trinkbrunnen mit Tränke,drinking_fountain_with_trough,5,48.22707536066074,16.397124640475504
2255226,Trinkbrunnen mit Tränke,drinking_fountain_with_trough,5,48.16671955752903,16.3777397717893
2255227,Trinkbrunnen mit Tränke,drinking_fountain_with_trough,5,48.22602727479342,16.397994039239556
2255228,Trinkbrunnen mit Tränke,drinking_fountain_with_trough,5,48.22633584742178,16.39652576332661
2255229,Trinkbrunnen mit Tränke,drinking_fountain_with_trough,5,48.22532839386082,16.397135890478438
2255230,Trinkbrunnen,drinking_fountain,4,48.179281157019695,16.378311809878902
2255231,Trinkbrunnen mit Tränke,drinking_fountain_with_trough,5,48.18942170377122,16.333128518768728
2255232,Trinkbrunnen mit Tränke,drinking_fountain_with_trough,5,48.234091694678455,16.38726198467909
2255234,Trinkbrunnen mit Tränke,drinking_fountain_with_trough,5,48.19411549696292,16.31891850094738
2255235,Trinkbrunnen mit Tränke,drinking_fountain_with_trough,5,48.186955711106314,16.343258637017524
2255236,Trinkbrunnen mit Tränke,drinking_fountain_with_trough,5,48.187859910974716,16.355340385964023
2255237,Trinkbrunnen mit Tränke,drinking_fountain_with_trough,5,48.18784439653361,16.362808433518364
2255238,Trinkbrunnen mit Tränke,drinking_fountain_with_trough,5,48.18970566243536,16.360826747859683
2255239,Trinkbrunnen,drinking_fountain,4,48.20314999019059,16.381118506773404
2255241,Trinkbrunnen mit Tränke,drinking_fountain_with_trough,5,48.1982864264744,16.390967581052266
2255242,Trinkbrunnen mit Tränke,drinking_fountain_with_trough,5,48.19845831491405,16.39231458464841
2255243,Trinkbrunnen mit Tränke,drinking_fountain_with_trough,5,48.197604833836195,16.40108443857317
2255244,Trinkbrunnen mit Tränke,drinking_fountain_with_trough,5,48.19765013059767,16.401321842530443
2255245,Trinkbrunnen mit Tränke,drinking_fountain_with_trough,5,48.18660474503152,16.386787337164545
2255247,Trinkbrunnen mit Tränke,drinking_fountain_with_trough,5,48.184989930006815,16.38493397276094
2255248,Trinkbrunnen mit Tränke,drinking_fountain_with_trough,5,48.23898352035746,16.333886878391255
2255249,Trinkbrunnen mit Tränke,drinking_fountain_with_trough,5,48.198514566295465,16.330630448548636
2255250,Trinkbrunnen mit Tränke,drinking_fountain_with_trough,5,48.19840751103603,16.33106556480826
2255251,Trinkbrunnen mit Tränke,drinking_fountain_with_trough,5,48.1980001388745,16.330901173299395
2255252,Trinkbrunnen mit Tränke,drinking_fountain_with_trough,5,48.20566299115712,16.35637919089364
2255253,Trinkbrunnen mit Tränke,drinking_fountain_with_trough,5,48.20642458081317,16.355436170003156
2255255,Trinkbrunnen mit Tränke,drinking_fountain_with_trough,5,48.19819719655166,16.36190631324604
2255256,Trinkbrunnen mit Tränke,drinking_fountain_with_trough,5,48.19726123307405,16.352421345742055
2255257,Trinkbrunnen mit Tränke,drinking_fountain_with_trough,5,48.19759146637651,16.352630548365205
2255259,Trinkbrunnen,drinking_fountain,4,48.19244537866068,16.347056777160617
2255260,Trinkbrunnen mit Tränke,drinking_fountain_with_trough,5,48.21219474144314,16.351178144950477
2255261,Trinkbrunnen mit Tränke,drinking_fountain_with_trough,5,48.211294213655975,16.344834073263854
2255262,Trinkbrunnen,drinking_fountain,4,48.21125030476241,16.345579916358272
2255263,Trinkbrunnen,drinking_fountain,4,48.22155611976207,16.309059377334886
2255264,Trinkbrunnen mit Tränke,drinking_fountain_with_trough,5,48.22638040233385,16.358362485389605
2255265,Trinkbrunnen mit Tränke,drinking_fountain_with_trough,5,48.2264139744268,16.358350545460443
2255267,Trinkbrunnen mit Tränke,drinking_fountain_with_trough,5,48.17334473923179,16.37164715152104
2255268,Trinkbrunnen mit Tränke,drinking_fountain_with_trough,5,48.22351627653669,16.336846679649607
2255270,Trinkbrunnen mit Tränke,drinking_fountain_with_trough,5,48.27675131150777,16.455934119521846
2255272,Trinkbrunnen,drinking_fountain,4,48.213346400433615,16.522268185974983
2255273,Trinkbrunnen mit Tränke,drinking_fountain_with_trough,5,48.225106283229984,16.497379736632887
2255275,Trinkbrunnen mit Tränke,drinking_fountain_with_trough,5,48.227031447075895,16.50040596284928
2255276,Trinkbrunnen mit Tränke,drinking_fountain_with_trough,5,48.22702269767439,16.504728059926126
2255277,Trinkbrunnen mit Tränke,drinking_fountain_with_trough,5,48.2263183398017,16.506262355215803
2255278,Trinkbrunnen mit Tränke,drinking_fountain_with_trough,5,48.22563842090416,16.508967913464616
2255279,Trinkbrunnen mit Tränke,drinking_fountain_with_trough,5,48.222687013859904,16.498973043700392
2255280,Trinkbrunnen,drinking_fountain,4,48.22340952294563,16.50216245619135
2255282,Trinkbrunnen,drinking_fountain,4,48.22393895760107,16.50068704250671
2255283,Trinkbrunnen mit Tränke,drinking_fountain_with_trough,5,48.206370731041744,16.279043731946253
2255284,Trinkbrunnen mit Tränke,drinking_fountain_with_trough,5,48.24963630052966,16.39454967753424
2255287,Trinkbrunnen mit Tränke,drinking_fountain_with_trough,5,48.190204158733806,16.33223150961919
2255288,Trinkbrunnen,drinking_fountain,4,48.18953674093556,16.339399541837565
2255290,Trinkbrunnen mit Tränke,drinking_fountain_with_trough,5,48.199573404162116,16.373009493434502
2255291,Trinkbrunnen mit Tränke,drinking_fountain_with_trough,5,48.1708087845299,16.378320602624246
2255292,Trinkbrunnen,drinking_fountain,4,48.16708320963543,16.38467619426558
2255293,Trinkbrunnen mit Tränke,drinking_fountain_with_trough,5,48.19476353598102,16.348564919996804
2255294,Trinkbrunnen mit Tränke,drinking_fountain_with_trough,5,48.19466664135888,16.34878421603229
2255295,Trinkbrunnen mit Tränke,drinking_fountain_with_trough,5,48.19115058758433,16.398781104555514
2255296,Trinkbrunnen mit Tränke,drinking_fountain_with_trough,5,48.187348251662016,16.38616053384735
2255297,Trinkbrunnen mit Tränke,drinking_fountain_with_trough,5,48.2080194650786,16.39616206747186
2255298,Trinkbrunnen mit Tränke,drinking_fountain_with_trough,5,48.204934732903176,16.396835216871235
2255299,Trinkbrunnen mit Tränke,drinking_fountain_with_trough,5,48.1992292073036,16.407941357762585
2255300,Trinkbrunnen mit Tränke,drinking_fountain_with_trough,5,48.22054098886932,16.40016840545187
2255303,Trinkbrunnen mit Tränke,drinking_fountain_with_trough,5,48.22145764550873,16.35399084389905
2255304,Trinkbrunnen mit Tränke,drinking_fountain_with_trough,5,48.24620755331921,16.47906630232098
2255305,Trinkbrunnen mit Tränke,drinking_fountain_with_trough,5,48.19166307469787,16.365368176284388
2255306,Trinkbrunnen mit Tränke,drinking_fountain_with_trough,5,48.18999087324026,16.36154970769882
2255307,Trinkbrunnen mit Tränke,drinking_fountain_with_trough,5,48.181299232663285,16.355271182027586
2255308,Trinkbrunnen,drinking_fountain,4,48.184646684709556,16.362855388354312
2255309,Trinkbrunnen mit Tränke,drinking_fountain_with_trough,5,48.18773433980662,16.335166577607716
2255310,Trinkbrunnen mit Tränke,drinking_fountain_with_trough,5,48.18647427446032,16.333622290987257
2255311,Trinkbrunnen mit Tränke,drinking_fountain_with_trough,5,48.18788573413222,16.342373543717255
2255312,Trinkbrunnen mit Tränke,drinking_fountain_with_trough,5,48.18070005265968,16.348919668764047
2255313,Trinkbrunnen mit Tränke,drinking_fountain_with_trough,5,48.20609784983739,16.3546822691267
2255314,Trinkbrunnen,drinking_fountain,4,48.20370491497297,16.355730979799098
2255315,Trinkbrunnen mit Tränke,drinking_fountain_with_trough,5,48.18927070103015,16.33271745501257
2255316,Trinkbrunnen mit Tränke,drinking_fountain_with_trough,5,48.1719663045751,16.410472385035373
2255317,Trinkbrunnen mit Tränke,drinking_fountain_with_trough,5,48.157162360784,16.462224693022403
2255318,Trinkbrunnen mit Tränke,drinking_fountain_with_trough,5,48.181999973924725,16.412930971443622
2255319,Trinkbrunnen mit Tränke,drinking_fountain_with_trough,5,48.18129871450186,16.410788812285826
2255321,Trinkbrunnen mit Tränke,drinking_fountain_with_trough,5,48.23389407236286,16.387036764130617
2255322,Trinkbrunnen,drinking_fountain,4,48.16118418251831,16.443209703539388
2255323,Trinkbrunnen,drinking_fountain,4,48.16139665595574,16.442050101899607
2255324,Trinkbrunnen,drinking_fountain,4,48.18008765929759,16.289444207605754
2255326,Trinkbrunnen mit Tränke,drinking_fountain_with_trough,5,48.181473260501605,16.412933128334835
2255327,Trinkbrunnen mit Tränke,drinking_fountain_with_trough,5,48.21011622254749,16.327472256685777
2255328,Trinkbrunnen mit Tränke,drinking_fountain_with_trough,5,48.199720703434515,16.38264988402603
2255329,Trinkbrunnen mit Tränke,drinking_fountain_with_trough,5,48.20605298124393,16.38751240146685
2255330,Trinkbrunnen,drinking_fountain,4,48.20453131089216,16.390727251492628
2255331,Trinkbrunnen mit Tränke,drinking_fountain_with_trough,5,48.20176674494837,16.39324824214477
2255332,Trinkbrunnen,drinking_fountain,4,48.19423231448621,16.399041223649146
2255333,Trinkbrunnen mit Tränke,drinking_fountain_with_trough,5,48.19302272894336,16.367894673326692
2255334,Trinkbrunnen mit Tränke,drinking_fountain_with_trough,5,48.19366914448003,16.3689131228113
2255335,Trinkbrunnen mit Tränke,drinking_fountain_with_trough,5,48.20284529721442,16.248633762690652
2255336,Trinkbrunnen mit Tränke,drinking_fountain_with_trough,5,48.18620991567269,16.36791352144545
2255337,Trinkbrunnen mit Tränke,drinking_fountain_with_trough,5,48.18698749917928,16.36770212849292
2255338,Trinkbrunnen mit Tränke,drinking_fountain_with_trough,5,48.18969519763371,16.363296025788934
2255339,Trinkbrunnen,drinking_fountain,4,48.25222202668014,16.362032736631487
2255340,Trinkbrunnen mit Tränke,drinking_fountain_with_trough,5,48.20249597098178,16.256147339439803
2255341,Trinkbrunnen mit Tränke,drinking_fountain_with_trough,5,48.17459442070115,16.36117334529986
2255342,Trinkbrunnen mit Tränke,drinking_fountain_with_trough,5,48.19905997574527,16.37046041503291
2255343,Trinkbrunnen mit Tränke,drinking_fountain_with_trough,5,48.1879422429339,16.34457495558566
2255344,Trinkbrunnen mit Tränke,drinking_fountain_with_trough,5,48.1865807824938,16.360135785791336
2255345,Trinkbrunnen,drinking_fountain,4,48.19369638867731,16.34369742352943
2255346,Trinkbrunnen,drinking_fountain,4,48.19382391796183,16.343930596233005
2255347,Trinkbrunnen mit Tränke,drinking_fountain_with_trough,5,48.19347368871592,16.342097682412977
2255348,Trinkbrunnen mit Tränke,drinking_fountain_with_trough,5,48.19411087283183,16.34239661850276
2255350,Trinkbrunnen mit Tränke,drinking_fountain_with_trough,5,48.17173406362066,16.394153739910976
2255351,Trinkbrunnen mit Tränke,drinking_fountain_with_trough,5,48.16744366955528,16.417809352373204
2255352,Trinkbrunnen mit Tränke,drinking_fountain_with_trough,5,48.19242506299074,16.30228011018812
2255353,Trinkbrunnen,drinking_fountain,4,48.17214380071014,16.38638797993527
2255354,Trinkbrunnen mit Tränke,drinking_fountain_with_trough,5,48.17593731767583,16.384412769091764
2255355,Trinkbrunnen mit Tränke,drinking_fountain_with_trough,5,48.17663144318714,16.37947344717489
2255356,Trinkbrunnen mit Tränke,drinking_fountain_with_trough,5,48.178451186925905,16.37535647393168
2255357,Trinkbrunnen mit Tränke,drinking_fountain_with_trough,5,48.18047738137195,16.417178893640138
2255358,Trinkbrunnen,drinking_fountain,4,48.18102817792561,16.415274258529045
2255359,Trinkbrunnen mit Tränke,drinking_fountain_with_trough,5,48.1739856957402,16.377680049373513
2255360,Trinkbrunnen mit Tränke,drinking_fountain_with_trough,5,48.17374788719204,16.37903722615645
2255362,Trinkbrunnen,drinking_fountain,4,48.16432013488494,16.381703234281474
2255363,Trinkbrunnen mit Tränke,drinking_fountain_with_trough,5,48.16563205532795,16.37959151318483
2255364,Trinkbrunnen,drinking_fountain,4,48.176830788353065,16.360182819505443
2255366,Trinkbrunnen mit Tränke,drinking_fountain_with_trough,5,48.16014575741137,16.471808586015822
2255367,Trinkbrunnen,drinking_fountain,4,48.165604545103726,16.351694946994616
2255368,Trinkbrunnen,drinking_fountain,4,48.165844377911434,16.351979201284625
2255369,Trinkbrunnen,drinking_fountain,4,48.17009550991603,16.373415292621956
2255370,Trinkbrunnen mit Tränke,drinking_fountain_with_trough,5,48.166438212156606,16.367600124444266
2255371,Trinkbrunnen mit Tränke,drinking_fountain_with_trough,5,48.17810466149246,16.368724470364977
2255372,Trinkbrunnen mit Tränke,drinking_fountain_with_trough,5,48.15336903253976,16.35163869232279
2254401,Trinkbrunnen,drinking_fountain,4,48.16203913049195,16.512376858441083
2254402,Trinkbrunnen,drinking_fountain,4,48.164944856400695,16.506078668451806
2254403,Trinkbrunnen,drinking_fountain,4,48.18950259051691,16.466234055544074
2254404,Trinkbrunnen,drinking_fountain,4,48.1918336812527,16.464307050885616
2254405,Trinkbrunnen,drinking_fountain,4,48.21331755369489,16.432615427169374
2254406,Trinkbrunnen,drinking_fountain,4,48.21976007402886,16.421230048805764
2254407,Trinkbrunnen,drinking_fountain,4,48.22822190676292,16.409347259030262
2254408,Trinkbrunnen,drinking_fountain,4,48.23385468860344,16.402212854327644
2254409,Trinkbrunnen,drinking_fountain,4,48.23829046238152,16.397255834605748
2254410,Trinkbrunnen,drinking_fountain,4,48.24004361644963,16.394527115975286
2254411,Trinkbrunnen,drinking_fountain,4,48.241353447286066,16.393416887729686
2254412,Trinkbrunnen,drinking_fountain,4,48.24726358600595,16.388322389084582
2254413,Trinkbrunnen,drinking_fountain,4,48.24726219316088,16.389592376089205
2254414,Trinkbrunnen,drinking_fountain,4,48.24324048420103,16.391048718719233
2254415,Trinkbrunnen,drinking_fountain,4,48.24322194652013,16.393122358521925
2254416,Trinkbrunnen,drinking_fountain,4,48.24527113149487,16.39124431731554
2254417,Trinkbrunnen,drinking_fountain,4,48.24986788525748,16.386573868793946
2254418,Trinkbrunnen,drinking_fountain,4,48.25195355011647,16.382962126542807
2254419,Trinkbrunnen,drinking_fountain,4,48.29774548899828,16.347131968574498
2254420,Trinkbrunnen,drinking_fountain,4,48.22540902692244,16.418675920956964
2254421,Trinkbrunnen,drinking_fountain,4,48.200128120562034,16.456408778709424
2254422,Trinkbrunnen,drinking_fountain,4,48.16670361037377,16.508423862588693
2254423,Trinkbrunnen,drinking_fountain,4,48.20256125059522,16.45281502342654
2254424,Trinkbrunnen,drinking_fountain,4,48.20550994254736,16.448398933988905
2254425,Trinkbrunnen,drinking_fountain,4,48.16885179214809,16.504873411639718
2254426,Trinkbrunnen,drinking_fountain,4,48.17238491907227,16.499119398793926
2254427,Trinkbrunnen,drinking_fountain,4,48.175762594314456,16.493749134891225
2254428,Trinkbrunnen,drinking_fountain,4,48.17749391165441,16.49081422810915
2254429,Trinkbrunnen,drinking_fountain,4,48.18300858739743,16.48229809670362
2254430,Trinkbrunnen,drinking_fountain,4,48.18852087671514,16.473840306920277
2254431,Trinkbrunnen,drinking_fountain,4,48.19096890934179,16.47011998235016
2254432,Trinkbrunnen,drinking_fountain,4,48.19559967871519,16.4630760725467
2254433,Trinkbrunnen,drinking_fountain,4,48.21183401829849,16.43880332728397
2254434,Trinkbrunnen,drinking_fountain,4,48.22313486247102,16.422189095386777
2254435,Trinkbrunnen,drinking_fountain,4,48.234150575949236,16.40776023452863
2254436,Trinkbrunnen,drinking_fountain,4,48.23903770884568,16.40245932363499
2254437,Trinkbrunnen,drinking_fountain,4,48.2367992643585,16.40447775820673
2254438,Trinkbrunnen,drinking_fountain,4,48.241611184588244,16.39868496423177
2254439,Trinkbrunnen,drinking_fountain,4,48.24548324773261,16.395726584499048
2254440,Trinkbrunnen,drinking_fountain,4,48.24701644903777,16.39379603754487
2254441,Trinkbrunnen,drinking_fountain,4,48.26777957294556,16.375457415456705
